-- MariaDB dump 10.19  Distrib 10.4.32-MariaDB, for Win64 (AMD64)
--
-- Host: localhost    Database: perpus_id
-- ------------------------------------------------------
-- Server version	10.4.32-MariaDB

/*!40101 SET @OLD_CHARACTER_SET_CLIENT=@@CHARACTER_SET_CLIENT */;
/*!40101 SET @OLD_CHARACTER_SET_RESULTS=@@CHARACTER_SET_RESULTS */;
/*!40101 SET @OLD_COLLATION_CONNECTION=@@COLLATION_CONNECTION */;
/*!40101 SET NAMES utf8mb4 */;
/*!40103 SET @OLD_TIME_ZONE=@@TIME_ZONE */;
/*!40103 SET TIME_ZONE='+00:00' */;
/*!40014 SET @OLD_UNIQUE_CHECKS=@@UNIQUE_CHECKS, UNIQUE_CHECKS=0 */;
/*!40014 SET @OLD_FOREIGN_KEY_CHECKS=@@FOREIGN_KEY_CHECKS, FOREIGN_KEY_CHECKS=0 */;
/*!40101 SET @OLD_SQL_MODE=@@SQL_MODE, SQL_MODE='NO_AUTO_VALUE_ON_ZERO' */;
/*!40111 SET @OLD_SQL_NOTES=@@SQL_NOTES, SQL_NOTES=0 */;

--
-- Table structure for table `anggota`
--

DROP TABLE IF EXISTS `anggota`;
/*!40101 SET @saved_cs_client     = @@character_set_client */;
/*!40101 SET character_set_client = utf8 */;
CREATE TABLE `anggota` (
  `id_anggota` int(11) NOT NULL AUTO_INCREMENT,
  `user_id` int(11) DEFAULT NULL,
  `nis` varchar(20) DEFAULT NULL,
  `alamat` text DEFAULT NULL,
  `no_hp` varchar(15) DEFAULT NULL,
  `tanggal_daftar` date DEFAULT NULL,
  PRIMARY KEY (`id_anggota`),
  KEY `anggota_ibfk_1` (`user_id`)
) ENGINE=InnoDB DEFAULT CHARSET=utf8mb4 COLLATE=utf8mb4_general_ci;
/*!40101 SET character_set_client = @saved_cs_client */;

--
-- Dumping data for table `anggota`
--

LOCK TABLES `anggota` WRITE;
/*!40000 ALTER TABLE `anggota` DISABLE KEYS */;
/*!40000 ALTER TABLE `anggota` ENABLE KEYS */;
UNLOCK TABLES;

--
-- Table structure for table `buku`
--

DROP TABLE IF EXISTS `buku`;
/*!40101 SET @saved_cs_client     = @@character_set_client */;
/*!40101 SET character_set_client = utf8 */;
CREATE TABLE `buku` (
  `id_buku` int(11) NOT NULL AUTO_INCREMENT,
  `isbn` varchar(50) DEFAULT NULL,
  `judul` varchar(255) DEFAULT NULL,
  `stok` int(11) DEFAULT 0,
  `id_kategori` int(11) DEFAULT NULL,
  `id_penulis` int(11) DEFAULT NULL,
  `id_penerbit` int(11) DEFAULT NULL,
  `id_rak` int(11) DEFAULT NULL,
  `tahun_terbit` year(4) DEFAULT NULL,
  `jumlah` int(11) DEFAULT 0,
  `tersedia` int(11) DEFAULT 0,
  `deskripsi` text DEFAULT NULL,
  `cover` varchar(255) DEFAULT NULL,
  `file` varchar(255) DEFAULT NULL,
  PRIMARY KEY (`id_buku`),
  KEY `buku_ibfk_1` (`id_kategori`),
  KEY `buku_ibfk_2` (`id_penulis`),
  KEY `buku_ibfk_3` (`id_penerbit`)
) ENGINE=InnoDB AUTO_INCREMENT=23 DEFAULT CHARSET=utf8mb4 COLLATE=utf8mb4_general_ci;
/*!40101 SET character_set_client = @saved_cs_client */;

--
-- Dumping data for table `buku`
--

LOCK TABLES `buku` WRITE;
/*!40000 ALTER TABLE `buku` DISABLE KEYS */;
INSERT INTO `buku` VALUES (6,'11232','Laut bercerita',2,1,4,3,1,2017,0,1,' novel fiksi sejarah yang menggambarkan kekejaman rezim Orde Baru, penculikan aktivis 1998, dan dampak kehilangan bagi keluarga korban.','1776840339_224c5876e931817cd637.jpg',NULL),(7,'11232','Laskar Pelangi',3,1,1,2,1,2005,3,4,'Laskar Pelangi adalah novel inspiratif yang mengisahkan perjuangan 10 anak di Desa Gantung, Pulau Belitung, untuk mendapatkan pendidikan di sebuah sekolah dasar (SD Muhammadiyah) yang kondisinya sangat memprihatinkan dan nyaris roboh.\r\n\r\nMeskipun hidup dalam kemiskinan, anak-anak yang dijuluki \"Laskar Pelangi\" ini memiliki semangat juang yang luar biasa dan mimpi yang setinggi langit. Didampingi oleh guru-guru berdedikasi seperti Bu Muslimah dan Pak Harfan, mereka membuktikan bahwa keterbatasan ekonomi bukanlah penghalang untuk meraih prestasi dan masa depan yang lebih baik.','1776927172_4328b4ad8c553e761fd9.jpg',NULL),(8,'1123','Kisah, Perjuangan, & Inspirasi B.J. Habibie',2,2,5,4,1,2017,0,3,'Kisah, Perjuangan, & Inspirasi B.J. Habibie\" karya Weda S. Atma (Checklist, 2017/2020) adalah biografi inspiratif yang mengulas perjalanan hidup B.J. Habibie, dari masa kecil, pendidikan, karier cemerlang di dunia teknologi dan politik, hingga kisah cinta dengan Ainun. Buku setebal 236 halaman ini menekankan semangat pantang menyerah, optimisme, dan kecintaan pada Indonesia.','1776840697_4aaf217a1b6ee88701e2.jpg','1776753953_32f612e096eab1f621cd.png'),(18,'123','Bumi dan lukanya',2,1,6,5,1,2022,5,1,'fiksi romansa-keluarga yang mengisahkan perjuangan Bumi Putra Langit, remaja yang diabaikan dan dianggap tidak ada oleh keluarganya.','1776926792_2064d47b37b26770b8f9.jpg',NULL),(21,'-','Ibu, Aku Nggak Sekuat Itu',5,1,7,6,1,2021,21,10,'1','1777201614_88ba2d6f61470aa3716e.jpg','1');
/*!40000 ALTER TABLE `buku` ENABLE KEYS */;
UNLOCK TABLES;

--
-- Table structure for table `buku_rak`
--

DROP TABLE IF EXISTS `buku_rak`;
/*!40101 SET @saved_cs_client     = @@character_set_client */;
/*!40101 SET character_set_client = utf8 */;
CREATE TABLE `buku_rak` (
  `id` int(11) NOT NULL AUTO_INCREMENT,
  `id_buku` int(11) DEFAULT NULL,
  `id_rak` int(11) DEFAULT NULL,
  PRIMARY KEY (`id`),
  KEY `buku_rak_ibfk_1` (`id_buku`),
  KEY `buku_rak_ibfk_2` (`id_rak`)
) ENGINE=InnoDB AUTO_INCREMENT=5 DEFAULT CHARSET=utf8mb4 COLLATE=utf8mb4_general_ci;
/*!40101 SET character_set_client = @saved_cs_client */;

--
-- Dumping data for table `buku_rak`
--

LOCK TABLES `buku_rak` WRITE;
/*!40000 ALTER TABLE `buku_rak` DISABLE KEYS */;
INSERT INTO `buku_rak` VALUES (1,1,1),(2,5,1),(3,6,1),(4,7,2);
/*!40000 ALTER TABLE `buku_rak` ENABLE KEYS */;
UNLOCK TABLES;

--
-- Table structure for table `denda`
--

DROP TABLE IF EXISTS `denda`;
/*!40101 SET @saved_cs_client     = @@character_set_client */;
/*!40101 SET character_set_client = utf8 */;
CREATE TABLE `denda` (
  `id_denda` int(11) NOT NULL AUTO_INCREMENT,
  `id_pengembalian` int(11) DEFAULT NULL,
  `jumlah_denda` decimal(10,2) DEFAULT NULL,
  `status` enum('belum_bayar','sudah_bayar') DEFAULT 'belum_bayar',
  PRIMARY KEY (`id_denda`),
  KEY `denda_ibfk_1` (`id_pengembalian`)
) ENGINE=InnoDB DEFAULT CHARSET=utf8mb4 COLLATE=utf8mb4_general_ci;
/*!40101 SET character_set_client = @saved_cs_client */;

--
-- Dumping data for table `denda`
--

LOCK TABLES `denda` WRITE;
/*!40000 ALTER TABLE `denda` DISABLE KEYS */;
/*!40000 ALTER TABLE `denda` ENABLE KEYS */;
UNLOCK TABLES;

--
-- Table structure for table `detail_peminjaman`
--

DROP TABLE IF EXISTS `detail_peminjaman`;
/*!40101 SET @saved_cs_client     = @@character_set_client */;
/*!40101 SET character_set_client = utf8 */;
CREATE TABLE `detail_peminjaman` (
  `id_detail` int(11) NOT NULL AUTO_INCREMENT,
  `id_peminjaman` int(11) DEFAULT NULL,
  `id_buku` int(11) DEFAULT NULL,
  `jumlah` int(11) DEFAULT NULL,
  PRIMARY KEY (`id_detail`),
  KEY `detail_peminjaman_ibfk_1` (`id_peminjaman`),
  KEY `detail_peminjaman_ibfk_2` (`id_buku`)
) ENGINE=InnoDB DEFAULT CHARSET=utf8mb4 COLLATE=utf8mb4_general_ci;
/*!40101 SET character_set_client = @saved_cs_client */;

--
-- Dumping data for table `detail_peminjaman`
--

LOCK TABLES `detail_peminjaman` WRITE;
/*!40000 ALTER TABLE `detail_peminjaman` DISABLE KEYS */;
/*!40000 ALTER TABLE `detail_peminjaman` ENABLE KEYS */;
UNLOCK TABLES;

--
-- Table structure for table `kategori`
--

DROP TABLE IF EXISTS `kategori`;
/*!40101 SET @saved_cs_client     = @@character_set_client */;
/*!40101 SET character_set_client = utf8 */;
CREATE TABLE `kategori` (
  `id_kategori` int(11) NOT NULL AUTO_INCREMENT,
  `nama_kategori` varchar(100) DEFAULT NULL,
  PRIMARY KEY (`id_kategori`)
) ENGINE=InnoDB AUTO_INCREMENT=3 DEFAULT CHARSET=utf8mb4 COLLATE=utf8mb4_general_ci;
/*!40101 SET character_set_client = @saved_cs_client */;

--
-- Dumping data for table `kategori`
--

LOCK TABLES `kategori` WRITE;
/*!40000 ALTER TABLE `kategori` DISABLE KEYS */;
INSERT INTO `kategori` VALUES (1,'Fiksi'),(2,'Nonfiksi');
/*!40000 ALTER TABLE `kategori` ENABLE KEYS */;
UNLOCK TABLES;

--
-- Table structure for table `log_aktivitas`
--

DROP TABLE IF EXISTS `log_aktivitas`;
/*!40101 SET @saved_cs_client     = @@character_set_client */;
/*!40101 SET character_set_client = utf8 */;
CREATE TABLE `log_aktivitas` (
  `id_log` int(11) NOT NULL AUTO_INCREMENT,
  `user_id` int(11) DEFAULT NULL,
  `aktivitas` text DEFAULT NULL,
  `waktu` timestamp NOT NULL DEFAULT current_timestamp(),
  PRIMARY KEY (`id_log`),
  KEY `log_aktivitas_ibfk_1` (`user_id`)
) ENGINE=InnoDB DEFAULT CHARSET=utf8mb4 COLLATE=utf8mb4_general_ci;
/*!40101 SET character_set_client = @saved_cs_client */;

--
-- Dumping data for table `log_aktivitas`
--

LOCK TABLES `log_aktivitas` WRITE;
/*!40000 ALTER TABLE `log_aktivitas` DISABLE KEYS */;
/*!40000 ALTER TABLE `log_aktivitas` ENABLE KEYS */;
UNLOCK TABLES;

--
-- Table structure for table `peminjaman`
--

DROP TABLE IF EXISTS `peminjaman`;
/*!40101 SET @saved_cs_client     = @@character_set_client */;
/*!40101 SET character_set_client = utf8 */;
CREATE TABLE `peminjaman` (
  `id_peminjaman` int(11) NOT NULL AUTO_INCREMENT,
  `id_anggota` int(11) DEFAULT NULL,
  `id_petugas` int(11) DEFAULT NULL,
  `id_buku` int(11) DEFAULT NULL,
  `tanggal_pinjam` date DEFAULT NULL,
  `jatuh_tempo` date DEFAULT NULL,
  `tanggal_kembali` date DEFAULT NULL,
  `tanggal_pengembalian` date DEFAULT NULL,
  `tanggal_dikembalikan` date DEFAULT NULL,
  `status` enum('dipinjam','kembali','terlambat') DEFAULT 'dipinjam',
  `denda` int(11) DEFAULT 0,
  PRIMARY KEY (`id_peminjaman`),
  KEY `peminjaman_ibfk_1` (`id_anggota`),
  KEY `peminjaman_ibfk_2` (`id_petugas`)
) ENGINE=InnoDB AUTO_INCREMENT=89 DEFAULT CHARSET=utf8mb4 COLLATE=utf8mb4_general_ci;
/*!40101 SET character_set_client = @saved_cs_client */;

--
-- Dumping data for table `peminjaman`
--

LOCK TABLES `peminjaman` WRITE;
/*!40000 ALTER TABLE `peminjaman` DISABLE KEYS */;
INSERT INTO `peminjaman` VALUES (84,10,NULL,18,'2026-04-26',NULL,'2026-05-03',NULL,NULL,'dipinjam',0),(85,9,NULL,18,'2026-04-26',NULL,'2026-05-03',NULL,NULL,'dipinjam',0),(86,9,9,18,'2026-04-26',NULL,NULL,NULL,NULL,'dipinjam',0),(87,9,9,6,'2026-04-26',NULL,NULL,NULL,NULL,'dipinjam',0),(88,9,9,6,'2026-04-26',NULL,NULL,NULL,NULL,'dipinjam',0);
/*!40000 ALTER TABLE `peminjaman` ENABLE KEYS */;
UNLOCK TABLES;

--
-- Table structure for table `penarikan`
--

DROP TABLE IF EXISTS `penarikan`;
/*!40101 SET @saved_cs_client     = @@character_set_client */;
/*!40101 SET character_set_client = utf8 */;
CREATE TABLE `penarikan` (
  `id_penarikan` int(11) NOT NULL AUTO_INCREMENT,
  `id_peminjaman` int(11) DEFAULT NULL,
  `alamat` text DEFAULT NULL,
  `biaya` decimal(10,2) DEFAULT NULL,
  `status` enum('menunggu','diproses','diambil','selesai') DEFAULT 'menunggu',
  `tanggal_ambil` date DEFAULT NULL,
  `petugas_id` int(11) DEFAULT NULL,
  PRIMARY KEY (`id_penarikan`),
  KEY `penarikan_ibfk_1` (`id_peminjaman`),
  KEY `penarikan_ibfk_2` (`petugas_id`)
) ENGINE=InnoDB DEFAULT CHARSET=utf8mb4 COLLATE=utf8mb4_general_ci;
/*!40101 SET character_set_client = @saved_cs_client */;

--
-- Dumping data for table `penarikan`
--

LOCK TABLES `penarikan` WRITE;
/*!40000 ALTER TABLE `penarikan` DISABLE KEYS */;
/*!40000 ALTER TABLE `penarikan` ENABLE KEYS */;
UNLOCK TABLES;

--
-- Table structure for table `penerbit`
--

DROP TABLE IF EXISTS `penerbit`;
/*!40101 SET @saved_cs_client     = @@character_set_client */;
/*!40101 SET character_set_client = utf8 */;
CREATE TABLE `penerbit` (
  `id_penerbit` int(11) NOT NULL AUTO_INCREMENT,
  `nama_penerbit` varchar(100) DEFAULT NULL,
  `alamat` text DEFAULT NULL,
  PRIMARY KEY (`id_penerbit`)
) ENGINE=InnoDB AUTO_INCREMENT=7 DEFAULT CHARSET=utf8mb4 COLLATE=utf8mb4_general_ci;
/*!40101 SET character_set_client = @saved_cs_client */;

--
-- Dumping data for table `penerbit`
--

LOCK TABLES `penerbit` WRITE;
/*!40000 ALTER TABLE `penerbit` DISABLE KEYS */;
INSERT INTO `penerbit` VALUES (1,'matahari','gunung star\r\n'),(2,'Bentang Pustaka','Yogyakarta'),(3,'KPG (Kepustakaan Populer Gramedia)','Gedung Kompas Gramedia, Jl. Palmerah Selatan No. 22-28, Jakarta Pusat, DKI Jakarta.'),(4,'Checklist','Yogyakarta'),(5,' Loveable','1'),(6,'Kawah Media','-');
/*!40000 ALTER TABLE `penerbit` ENABLE KEYS */;
UNLOCK TABLES;

--
-- Table structure for table `pengaturan`
--

DROP TABLE IF EXISTS `pengaturan`;
/*!40101 SET @saved_cs_client     = @@character_set_client */;
/*!40101 SET character_set_client = utf8 */;
CREATE TABLE `pengaturan` (
  `id` int(11) NOT NULL,
  `nama_aplikasi` varchar(100) DEFAULT NULL,
  `denda_per_hari` decimal(10,2) DEFAULT NULL,
  `maksimal_pinjam` int(11) DEFAULT NULL,
  `lama_pinjam` int(11) DEFAULT NULL,
  PRIMARY KEY (`id`)
) ENGINE=InnoDB DEFAULT CHARSET=utf8mb4 COLLATE=utf8mb4_general_ci;
/*!40101 SET character_set_client = @saved_cs_client */;

--
-- Dumping data for table `pengaturan`
--

LOCK TABLES `pengaturan` WRITE;
/*!40000 ALTER TABLE `pengaturan` DISABLE KEYS */;
INSERT INTO `pengaturan` VALUES (1,'Sistem Perpustakaan',1000.00,3,7);
/*!40000 ALTER TABLE `pengaturan` ENABLE KEYS */;
UNLOCK TABLES;

--
-- Table structure for table `pengembalian`
--

DROP TABLE IF EXISTS `pengembalian`;
/*!40101 SET @saved_cs_client     = @@character_set_client */;
/*!40101 SET character_set_client = utf8 */;
CREATE TABLE `pengembalian` (
  `id_pengembalian` int(11) NOT NULL,
  `id_peminjaman` int(11) DEFAULT NULL,
  `tanggal_dikembalikan` date DEFAULT NULL,
  `denda` decimal(10,2) DEFAULT 0.00,
  PRIMARY KEY (`id_pengembalian`),
  KEY `pengembalian_ibfk_1` (`id_peminjaman`)
) ENGINE=InnoDB DEFAULT CHARSET=utf8mb4 COLLATE=utf8mb4_general_ci;
/*!40101 SET character_set_client = @saved_cs_client */;

--
-- Dumping data for table `pengembalian`
--

LOCK TABLES `pengembalian` WRITE;
/*!40000 ALTER TABLE `pengembalian` DISABLE KEYS */;
/*!40000 ALTER TABLE `pengembalian` ENABLE KEYS */;
UNLOCK TABLES;

--
-- Table structure for table `pengiriman`
--

DROP TABLE IF EXISTS `pengiriman`;
/*!40101 SET @saved_cs_client     = @@character_set_client */;
/*!40101 SET character_set_client = utf8 */;
CREATE TABLE `pengiriman` (
  `id_pengiriman` int(11) NOT NULL,
  `id_peminjaman` int(11) DEFAULT NULL,
  `alamat` text DEFAULT NULL,
  `biaya` decimal(10,2) DEFAULT NULL,
  `status` enum('menunggu','diproses','dikirim','sampai') DEFAULT 'menunggu',
  `tanggal_kirim` date DEFAULT NULL,
  `petugas_id` int(11) DEFAULT NULL,
  PRIMARY KEY (`id_pengiriman`),
  KEY `pengiriman_ibfk_1` (`id_peminjaman`),
  KEY `pengiriman_ibfk_2` (`petugas_id`)
) ENGINE=InnoDB DEFAULT CHARSET=utf8mb4 COLLATE=utf8mb4_general_ci;
/*!40101 SET character_set_client = @saved_cs_client */;

--
-- Dumping data for table `pengiriman`
--

LOCK TABLES `pengiriman` WRITE;
/*!40000 ALTER TABLE `pengiriman` DISABLE KEYS */;
/*!40000 ALTER TABLE `pengiriman` ENABLE KEYS */;
UNLOCK TABLES;

--
-- Table structure for table `penulis`
--

DROP TABLE IF EXISTS `penulis`;
/*!40101 SET @saved_cs_client     = @@character_set_client */;
/*!40101 SET character_set_client = utf8 */;
CREATE TABLE `penulis` (
  `id_penulis` int(11) NOT NULL AUTO_INCREMENT,
  `nama_penulis` varchar(100) DEFAULT NULL,
  PRIMARY KEY (`id_penulis`)
) ENGINE=InnoDB AUTO_INCREMENT=8 DEFAULT CHARSET=utf8mb4 COLLATE=utf8mb4_general_ci;
/*!40101 SET character_set_client = @saved_cs_client */;

--
-- Dumping data for table `penulis`
--

LOCK TABLES `penulis` WRITE;
/*!40000 ALTER TABLE `penulis` DISABLE KEYS */;
INSERT INTO `penulis` VALUES (1,'Andrea hirata'),(3,'faiz'),(4,'Leila S. Chudori'),(5,'Weda S. Atma'),(6,'Revianaaprl'),(7,'Helobagas');
/*!40000 ALTER TABLE `penulis` ENABLE KEYS */;
UNLOCK TABLES;

--
-- Table structure for table `petugas`
--

DROP TABLE IF EXISTS `petugas`;
/*!40101 SET @saved_cs_client     = @@character_set_client */;
/*!40101 SET character_set_client = utf8 */;
CREATE TABLE `petugas` (
  `id_petugas` int(11) NOT NULL,
  `user_id` int(11) DEFAULT NULL,
  `jabatan` varchar(50) DEFAULT NULL,
  PRIMARY KEY (`id_petugas`),
  KEY `petugas_ibfk_1` (`user_id`)
) ENGINE=InnoDB DEFAULT CHARSET=utf8mb4 COLLATE=utf8mb4_general_ci;
/*!40101 SET character_set_client = @saved_cs_client */;

--
-- Dumping data for table `petugas`
--

LOCK TABLES `petugas` WRITE;
/*!40000 ALTER TABLE `petugas` DISABLE KEYS */;
/*!40000 ALTER TABLE `petugas` ENABLE KEYS */;
UNLOCK TABLES;

--
-- Table structure for table `rak`
--

DROP TABLE IF EXISTS `rak`;
/*!40101 SET @saved_cs_client     = @@character_set_client */;
/*!40101 SET character_set_client = utf8 */;
CREATE TABLE `rak` (
  `id_rak` int(11) NOT NULL AUTO_INCREMENT,
  `nama_rak` varchar(50) DEFAULT NULL,
  `lokasi` varchar(100) DEFAULT NULL,
  PRIMARY KEY (`id_rak`),
  KEY `id_rak` (`id_rak`,`nama_rak`,`lokasi`)
) ENGINE=InnoDB AUTO_INCREMENT=5 DEFAULT CHARSET=utf8mb4 COLLATE=utf8mb4_general_ci;
/*!40101 SET character_set_client = @saved_cs_client */;

--
-- Dumping data for table `rak`
--

LOCK TABLES `rak` WRITE;
/*!40000 ALTER TABLE `rak` DISABLE KEYS */;
INSERT INTO `rak` VALUES (1,'Cerita','Gate A-z'),(2,'Cerita','Gate A-z');
/*!40000 ALTER TABLE `rak` ENABLE KEYS */;
UNLOCK TABLES;

--
-- Table structure for table `reservasi`
--

DROP TABLE IF EXISTS `reservasi`;
/*!40101 SET @saved_cs_client     = @@character_set_client */;
/*!40101 SET character_set_client = utf8 */;
CREATE TABLE `reservasi` (
  `id_reservasi` int(11) NOT NULL,
  `id_anggota` int(11) DEFAULT NULL,
  `id_buku` int(11) DEFAULT NULL,
  `tanggal_reservasi` date DEFAULT NULL,
  `status` enum('menunggu','disetujui','dibatalkan') DEFAULT 'menunggu'
) ENGINE=InnoDB DEFAULT CHARSET=utf8mb4 COLLATE=utf8mb4_general_ci;
/*!40101 SET character_set_client = @saved_cs_client */;

--
-- Dumping data for table `reservasi`
--

LOCK TABLES `reservasi` WRITE;
/*!40000 ALTER TABLE `reservasi` DISABLE KEYS */;
/*!40000 ALTER TABLE `reservasi` ENABLE KEYS */;
UNLOCK TABLES;

--
-- Table structure for table `transaksi`
--

DROP TABLE IF EXISTS `transaksi`;
/*!40101 SET @saved_cs_client     = @@character_set_client */;
/*!40101 SET character_set_client = utf8 */;
CREATE TABLE `transaksi` (
  `id_transaksi` int(11) NOT NULL,
  `id_peminjaman` int(11) DEFAULT NULL,
  `jenis` enum('denda','pengiriman','penarikan') DEFAULT NULL,
  `jumlah` decimal(10,2) DEFAULT NULL,
  `status` enum('belum_bayar','lunas') DEFAULT 'belum_bayar',
  `tanggal` timestamp NOT NULL DEFAULT current_timestamp()
) ENGINE=InnoDB DEFAULT CHARSET=utf8mb4 COLLATE=utf8mb4_general_ci;
/*!40101 SET character_set_client = @saved_cs_client */;

--
-- Dumping data for table `transaksi`
--

LOCK TABLES `transaksi` WRITE;
/*!40000 ALTER TABLE `transaksi` DISABLE KEYS */;
/*!40000 ALTER TABLE `transaksi` ENABLE KEYS */;
UNLOCK TABLES;

--
-- Table structure for table `ulasan`
--

DROP TABLE IF EXISTS `ulasan`;
/*!40101 SET @saved_cs_client     = @@character_set_client */;
/*!40101 SET character_set_client = utf8 */;
CREATE TABLE `ulasan` (
  `id_ulasan` int(11) NOT NULL,
  `id_buku` int(11) DEFAULT NULL,
  `id_anggota` int(11) DEFAULT NULL,
  `rating` int(11) DEFAULT NULL,
  `komentar` text DEFAULT NULL,
  `tanggal` timestamp NOT NULL DEFAULT current_timestamp()
) ENGINE=InnoDB DEFAULT CHARSET=utf8mb4 COLLATE=utf8mb4_general_ci;
/*!40101 SET character_set_client = @saved_cs_client */;

--
-- Dumping data for table `ulasan`
--

LOCK TABLES `ulasan` WRITE;
/*!40000 ALTER TABLE `ulasan` DISABLE KEYS */;
/*!40000 ALTER TABLE `ulasan` ENABLE KEYS */;
UNLOCK TABLES;

--
-- Table structure for table `users`
--

DROP TABLE IF EXISTS `users`;
/*!40101 SET @saved_cs_client     = @@character_set_client */;
/*!40101 SET character_set_client = utf8 */;
CREATE TABLE `users` (
  `id` int(11) NOT NULL AUTO_INCREMENT,
  `nama` varchar(100) DEFAULT NULL,
  `email` varchar(100) DEFAULT NULL,
  `username` varchar(50) DEFAULT NULL,
  `password` varchar(255) DEFAULT NULL,
  `role` enum('admin','petugas','anggota') DEFAULT 'anggota',
  `foto` varchar(255) DEFAULT NULL,
  `status` enum('aktif','nonaktif') DEFAULT 'aktif',
  `created_at` timestamp NOT NULL DEFAULT current_timestamp(),
  PRIMARY KEY (`id`)
) ENGINE=InnoDB AUTO_INCREMENT=13 DEFAULT CHARSET=utf8mb4 COLLATE=utf8mb4_general_ci;
/*!40101 SET character_set_client = @saved_cs_client */;

--
-- Dumping data for table `users`
--

LOCK TABLES `users` WRITE;
/*!40000 ALTER TABLE `users` DISABLE KEYS */;
INSERT INTO `users` VALUES (1,'Muhamad Faiz Nurohman','muhamadfaiz2@gmail.com','paes','$2y$10$rAJMRsbNEeNjJAk1LsjGOuntDVeO6K9.DWuS8XZgp362ge7alvAMa','admin','1776413264_99e1dee98061cc964ceb.jpg','aktif','2026-04-17 07:31:11'),(2,'Muhamad Faiz','Faiz123@gmail.com','arnold','$2y$10$i8wiv3B5cXhhaNDzPvpc0ejIQn5IH5l8ppgudkKgxRcFgUHnwiory','petugas','1777193856_1237fb002518c70690b2.jpg','aktif','2026-04-17 07:31:11'),(9,'Muhamad Faiz',NULL,'qwertyu','$2y$10$93.oAQ3ScSKlUqP6QV4SoeA87m/SZdNHq04iT17aeno5niCqhnkDe','anggota','1777057901_fe7ae0ec3af91baf0612.png','aktif','2026-04-24 19:11:13'),(10,'iis sadiyah',NULL,'isad','$2y$10$eRITeGqw3Jk/kPhaOFtZbu9PhHTKFmapf310lHb0ZJIVO5IfNJIOK','anggota','1777178781_470700ff79c6d15de09d.jpg','aktif','2026-04-26 04:45:05'),(11,'imey siti',NULL,'meyy','$2y$10$mb01AE8yPiwcdOxuSke5Tuctin3VpuGQ2Qdy8.vSynpnQ6SwT/vPe','anggota','1777178855_bd27bbd3caa57a265952.jpg','aktif','2026-04-26 04:47:00'),(12,'insan',NULL,'ican','$2y$10$I84UbFtLi6QkQWM6yawem.lupn1FRueHq2o2ClH4XH4Yxa0UQFcA.','anggota','1777178919_47cd3d15cd03199a9129.webp','aktif','2026-04-26 04:48:21');
/*!40000 ALTER TABLE `users` ENABLE KEYS */;
UNLOCK TABLES;
/*!40103 SET TIME_ZONE=@OLD_TIME_ZONE */;

/*!40101 SET SQL_MODE=@OLD_SQL_MODE */;
/*!40014 SET FOREIGN_KEY_CHECKS=@OLD_FOREIGN_KEY_CHECKS */;
/*!40014 SET UNIQUE_CHECKS=@OLD_UNIQUE_CHECKS */;
/*!40101 SET CHARACTER_SET_CLIENT=@OLD_CHARACTER_SET_CLIENT */;
/*!40101 SET CHARACTER_SET_RESULTS=@OLD_CHARACTER_SET_RESULTS */;
/*!40101 SET COLLATION_CONNECTION=@OLD_COLLATION_CONNECTION */;
/*!40111 SET SQL_NOTES=@OLD_SQL_NOTES */;

-- Dump completed on 2026-04-27  9:39:08
